,Annualized Return,Annualized Volatility,Sharpe,Max Drawdown
SPY,0.2289130802500039,0.19278947321887105,1.0836332335055865,-0.1875523597774731
QQQ,0.3004504747170118,0.2358778537571898,1.1889648402757835,-0.22768303549553837
VTI,0.2294513669783751,0.19304617017623124,1.0849806903041257,-0.1930359870637004
AGG,0.04920631038332424,0.05088205645349127,0.5740001961206159,-0.04822052421866074
EFA,0.21987733924791297,0.16771308279085584,1.1917814395980493,-0.14053475967120543
