ETF,VaR_95
SPY,-0.017066081601167044
QQQ,-0.02460860860150333
VTI,-0.017843353739535838
AGG,-0.005081902947641759
EFA,-0.014363962781682104
