,Annualized Return,Annualized Volatility,Sharpe,Max Drawdown
SPY,0.23294747698446971,0.21864590175768958,0.9739376556916441,-0.1875523597774731
QQQ,0.2918967258914815,0.25883670511607854,1.0504566026273052,-0.22768303549553837
VTI,0.231186880264179,0.21721615131807936,0.9722429892191975,-0.1930359870637004
AGG,0.09114008755363523,0.050760433767048176,1.4014869904405107,-0.024331291078986683
EFA,0.4137159201712177,0.18341306809466643,2.1466077867908844,-0.14053475967120543
